{
  "bcg_coverage": 0.14133856731699235,
  "log_gdp": 0.3626537734288048,
  "year": 0.09096296970381221,
  "income_L": 0.052197472014028294,
  "income_LM": 0.03283330249964326,
  "income_UM": 0.03705510169465987,
  "income_H": 0.05262038409940571,
  "region_AFR": 0.08959716510482654,
  "region_AMR": 0.035172074934631835,
  "region_EMR": 0.04881267011201946,
  "region_EUR": 0.020246682680407854,
  "region_SEA": 0.016303388759219738,
  "region_WPR": 0.02020644765154816
}